https://www.peterkrautzberger.org/atom.xml,Research,Technology,
http://boolesrings.org/scoskey/feed,Research,Higher Education,
http://feeds.feedburner.com/proofsfromthebook?format=xml,Secondary Education,,
http://feeds.feedburner.com/Hyndsight?format=xml,Research,,
http://www.maa.org/news/rss.xml,Journalism,,
http://ocw.mit.edu/rss/new/mit-newcourses-18.xml,Higher Education,,
http://feeds.feedburner.com/mathsways/sBfS,Secondary Education,,
http://yozh.org/feed/,Research,Art,
http://feeds.feedburner.com/StatsChat,Research,,
http://feeds.feedburner.com/FlippingWithKirch,Secondary Education,,
http://empg.maths.ed.ac.uk/blog/?feed=rss2,Research,Sciences&Humanities,
http://feeds.feedburner.com/Mathrecreation,Recreational,,
http://vihart.com/feed/,Art,,
http://feeds.feedburner.com/AnalysisWithProgramming,Research,Higher Education,
http://feeds.feedburner.com/RealmOfMathematics,Art,Recreational,
http://feeds.feedburner.com/AprenderMatematica,Secondary Education,,
http://feeds.feedburner.com/minds-on-math,Primary Education,Secondary Education,
http://bactra.org/weblog/index.rss,Research,,
http://blogs.ams.org/mathgradblog/feed,Research,,
http://www.matrix67.com/blog/feed,Research,,
http://lttt.blog.ustc.edu.cn/?feed=rss2,Research,,
http://errorstatistics.com/feed/,Research,Journalism,Editors' Favorites
http://emergentmath.com/feed/,Secondary Education,Research,
http://mathscinotes.com/feed/,Research,Recreational,
http://makezine.com/tag/MathMonday/feed/,Journalism,Recreational,
http://jd2718.org/feed/,Secondary Education,,
http://vknight.org/unpeudemath/feed.xml,Research,Higher Education,
http://davidwees.com/feed/,Secondary Education,,
http://mrsblanchet.net/home/feed,Secondary Education,Research,
http://feeds.feedburner.com/ScienzaEMusica,Sciences&Humanities,Art,
http://feeds.feedburner.com/Exzuberant,Secondary Education,,
http://fawnnguyen.com/feed/,Secondary Education,,Editors' Favorites
http://feeds.feedburner.com/DocMadhattan,Research,Sciences&Humanities,
http://feeds.feedburner.com/theendeavour,Research,Technology,
http://feeds.feedburner.com/halbtagsblog/oPZW,Secondary Education,,
http://feeds.feedburner.com/blogspot/zuLSW,Secondary Education,Primary Education,
http://allken-bernard.org/pierre/weblog/posts.rss,Research,Art,
http://feeds.feedburner.com/VirtualMathTutor,Secondary Education,Art,
http://feeds2.feedburner.com/UnderstandingUncertainty,Journalism,,
http://feeds.feedburner.com/blogspot/IzVgCo,Technology,,
http://feeds.feedburner.com/ImpossibleWorldSiteBlog,Art,Art,
http://feeds.feedburner.com/mrlsmath,Secondary Education,,
http://feeds.feedburner.com/MathEdBlog,Secondary Education,Primary Education,
http://feeds.feedburner.com/ProbablyOverthinkingIt,Research,,
http://www.teachmathfree.com/feed,Secondary Education,Primary Education,
http://minds.acmescience.com/?feed=rss2,Journalism,,
https://rigtriv.wordpress.com/feed/,Research,,
http://polymathprojects.org/feed/,Research,,
https://theproofisinthepudding.wordpress.com/feed/,Research,,
http://www.scilogs.de/mathematik-im-alltag/feed/,Journalism,,
http://joaniesilverman.com/feed/,Secondary Education,,
http://tcsmath.org/feed/,Research,,
http://twofoldgaze.com/feed/,Research,,
http://theronhitchman.blogspot.com/feeds/posts/default,Research,,
http://accumulatearate.wordpress.com/?feed=rss,Secondary Education,,
http://mathbabe.wordpress.com/feed/,Journalism,,Editors' Favorite
http://ichoosemath.wordpress.com/feed/,Secondary Education,Research,
http://www.math3ma.com/mathema?format=RSS,Research,,
http://feynmanliang.com/rss/,Research,Technology,
http://mythagon.wordpress.com/feed/,Art,Recreational,
http://gottwurfelt.com/feed/,Research,Journalism,
http://richardzach.org/feed,Research,Sciences&Humanities,
https://edwardfhughes.wordpress.com/feed/,Research,Research,
http://ambercaldwell.com/feed/,Secondary Education,,
http://mathjokes4mathyfolks.wordpress.com/feed,Recreational,Art,
http://mluebbecke.wordpress.com/feed/,Research,,
http://www.goodmath.org/blog/feed/,Research,Journalism,
http://feeds.feedburner.com/gaussianos,Research,Journalism,
http://www.mathgoespop.com/feed.xml,Recreational,,
http://feeds.feedburner.com/seethingsdifferently,Art,Research,
http://statswithcats.wordpress.com/feed/,Research,,
http://amathteacherlovesmath.wordpress.com/feed/,Primary Education,,
http://thegeometryteacher.wordpress.com/feed/,Secondary Education,,
http://lifethroughamathematicianseyes.wordpress.com/feed/,Secondary Education,,
http://spectatormaths.wordpress.com/feed/,Secondary Education,,
http://colleenyoung.wordpress.com/feed/,Technology,Secondary Education,
http://profkeithdevlin.wordpress.com/feed/,Journalism,Recreational,Editors' Favorites
http://retractionwatch.wordpress.com/feed/,Journalism,,
http://www.scottaaronson.com/blog/?feed=rss2,Research,Research,Editors' Favorites
http://proofmathisbeautiful.tumblr.com/rss,Art,,
http://www.konradvoelkel.com/feed/,Research,,
http://web.ece.rice.edu/richb/feed/,Research,,
http://symmetricblog.wordpress.com/feed/,Higher Education,,Editors' Favorites
http://maamathedmatters.blogspot.com/feeds/posts/default,Higher Education,,Editors' Favorites
http://feeds2.feedburner.com/roice,Art,,
http://romathio.wordpress.com/feed/,Secondary Education,,
http://coloquiooleis.wordpress.com/feed/,Research,,
http://fivetwelvethirteen.wordpress.com/feed/,Secondary Education,,
http://keespopinga.blogspot.com/feeds/posts/default,Recreational,Sciences&Humanities,
http://mrpiccmath.weebly.com/1/feed,Secondary Education,,
https://pperfectsquares.wordpress.com/feed/,Secondary Education,,
http://jessecmckeown.tumblr.com/rss,Research,,
http://coxmath.blogspot.com/feeds/posts/default,Secondary Education,,
http://picturesofmath.blogspot.com/feeds/posts/default,Art,Art,
http://peterashmathedblog.blogspot.com/feeds/posts/default,Recreational,,
http://feeds.feedburner.com/LaCovachaMatematica?format=xml,Recreational,Technology,
http://launchings.blogspot.com/feeds/posts/default,Research,Higher Education,
http://roughlynormal.com/feed/,Secondary Education,,
http://magic-maths-money.blogspot.com/feeds/posts/default,Journalism,,
http://www.logicmatters.net/feed/,Research,Art,
http://terrytao.wordpress.com/feed/,Research,,
http://feeds.feedburner.com/ResearchBloggingMathematicsChinese?format=xml,Research,Research,
http://feeds.feedburner.com/ResearchBlogging-Mathematics-Polish?format=xml,Research,Research,
http://feeds.feedburner.com/ResearchBlogging-Mathematics-Italian?format=xml,Research,Research,
http://feeds.feedburner.com/ResearchBloggingMathematicsSpanish?format=xml,Research,Research,
http://feeds.feedburner.com/ResearchBloggingMathematicsPortuguese?format=xml,Research,Research,
http://feeds.feedburner.com/ResearchBloggingMathematicsGerman,Research,Research,
http://rudimatematici-lescienze.blogautore.espresso.repubblica.it/feed/,Journalism,,
http://feeds.feedburner.com/Math-journalunderstandingMath,Secondary Education,,
http://feeds.feedburner.com/MathStories?format=xml,Secondary Education,,
http://www.mathoman.com/rss.php,Research,Journalism,
http://napmath.wordpress.com/feed/,Secondary Education,,
http://mathbutler.wordpress.com/feed/,Secondary Education,,
http://geometrywiz.wordpress.com/feed/,Primary Education,,
http://ideasfortheclassroom.wordpress.com/feed/,Secondary Education,,
http://gidgebridge.wordpress.com/feed/,Secondary Education,,
http://informalmath.wordpress.com/feed/,Secondary Education,,
http://mikesmathpage.wordpress.com/feed/,Primary Education,Higher Education,Editors' Favorites
http://mathgarage.wordpress.com/feed/,Secondary Education,,
http://hilbertshotel.wordpress.com/feed/,Secondary Education,,
http://what-if.xkcd.com/feed.atom,Journalism,,
http://rss.sciam.com/roots-of-unity/feed?format=xml,Journalism,Recreational,Editors' Favorites
http://visualizingmath.tumblr.com/rss,Art,,
http://mysliceofpizza.blogspot.com/feeds/posts/default,Recreational,,
http://jeremykun.com/feed/,Research,Research,
http://langerkogutmath.wordpress.com/feed/,Secondary Education,,
http://findingtheprocess.wordpress.com/feed/,Secondary Education,,
http://focusonmath.wordpress.com/feed/,Primary Education,Secondary Education,
http://gbark.wordpress.com/feed/,Higher Education,,
http://mathematical-objects.tumblr.com/rss,Art,Art,
http://nghoussoub.com/feed/,Higher Education,,
http://paulwgoldberg.blogspot.com/feeds/posts/default,Higher Education,,
http://johncarlosbaez.wordpress.com/feed/,Research,Research,
http://www.askamathematician.com/?feed=rss2,Journalism,,
http://hilbertthm90.wordpress.com/feed/,Research,,
http://quomodocumque.wordpress.com/feed/,Higher Education,,
http://blogs.williams.edu/Morgan/feed/,Higher Education,,
http://onionesquereality.wordpress.com/feed/,Research,,
http://blogs.ams.org/matheducation/feed/,Higher Education,Publisher,
http://www.maa.org/news/on-this-day/rss.xml,Sciences&Humanities,,
http://milwardh.tumblr.com/rss,Art,,
http://danaernst.com/feed/,Research,Math Ed Research,
http://checkmyworking.com/feed/,Research,Recreational,
http://aperiodical.com/category/columns/travels-in-a-mathematical-world/feed/,Journalism,Recreational,
http://aperiodical.com/feed/,Journalism,Recreational,
http://aperiodical.com/category/columns/blackboard-bold/feed/,Journalism,Recreational,
http://mathtourist.blogspot.com/feeds/posts/default,Art,Art,
http://blogs.ams.org/onthemarket/feed/,Higher Education,,
http://www.huffingtonpost.com/author/index.php?author=dr-keith-devlin,Journalism,,
http://danielwalsh.tumblr.com/rss,Art,Art,
http://blog.computationalcomplexity.org/rss.xml,Research,Higher Education,
http://chromotopy.org/feed.xml,Research,,
http://haris-aziz.blogspot.com/feeds/posts/default,Research,,
http://rtalbert.org/blog/feed,Higher Education,Technology,
http://geometrydaily.tumblr.com/rss,Art,,
http://mathtans.blogspot.ca/feeds/posts/default?alt=rss,Recreational,,
http://feeds.feedburner.com/blogspot/wCeDd?format=xml,Research,,
http://www.calculushumor.com/3/feed,Recreational,,
http://anglesofreflection.blogspot.com/feeds/posts/default,Secondary Education,,
http://www.reproducibleresearch.net/blog/feed/,Research,,
http://physicspages.com/feed/,Research,,
http://logiciansdoitwithmodels.com/feed/,Research,,
http://www.flyingcoloursmaths.co.uk/feed/,Recreational,,
http://bit-player.org/feed,Research,Recreational,Editors' Favorites
https://byorgey.wordpress.com/feed/,Research,,
http://divisbyzero.com/feed/,Research,,
http://cheesemonkeysf.blogspot.com/feeds/posts/default,Secondary Education,,
http://inquiryintoinquiry.com/feed/,Research,,
http://pballew.blogspot.com/feeds/posts/default,Sciences&Humanities,,
http://purenumbers.tumblr.com/rss,Recreational,,
http://iisanumber.blogspot.com/feeds/posts/default,Secondary Education,Math Ed Research,
http://inventingsituations.net/feed/,Research,Higher Education,
http://8ismyluckynumber.blogspot.com/feeds/posts/default,Secondary Education,,
http://theiblblog.blogspot.com/feeds/posts/default,Math Ed Research,,
http://corner.mimuw.edu.pl/?feed=rss2,Research,,
http://boolesrings.org/asafk/feed/,Research,Higher Education,
http://feeds.feedblitz.com/oupblogmathematics,Publisher,,
http://matroidunion.org/?feed=rss2,Research,,
http://www.lindonslog.com/category/mathematics/feed/,Research,,
http://blogs.ams.org/visualinsight/feed/,Art,,
http://davemath2.blogspot.com/feeds/posts/default,Secondary Education,,
http://exit10a.blogspot.com/feeds/posts/default,Primary Education,,
http://feeds.feedburner.com/LinearProgramming,Higher Education,,
http://angrystatistician.blogspot.com/feeds/posts/default,Research,Technology,
http://www.coast2coast.me/carl/feed/,Secondary Education,,
http://ispeakmath.org/feed/,Secondary Education,Technology,
http://www.shelovesmath.com/feed/,Secondary Education,Primary Education,
http://bowmandickson.com/feed/,Secondary Education,,
http://fliplearnshare.blogspot.com/feeds/posts/default,Secondary Education,,
http://llatgg.blogspot.com/feeds/posts/default,Secondary Education,,
http://combinatorialgametheory.blogspot.com/feeds/posts/default,Research,Higher Education,
http://rmosvold.com/feed/,Math Ed Research,,
http://gfletchy.com/feed/,Primary Education,Secondary Education,
http://foundmath.blogspot.com/feeds/posts/default,Math Ed Research,Secondary Education,
http://marykienstra.com/feed/,Primary Education,,
http://failearlyandoften.blogspot.com/feeds/posts/default,Secondary Education,,
http://mrcollinsmaths.blogspot.com/feeds/posts/default,Secondary Education,Higher Education,
http://solvemymaths.com/feed/,Secondary Education,,
http://lazyocho.com/feed/,Secondary Education,,
http://steveleinwand.com/blog-2/feed/,Math Ed Research,,
http://geekymathteacher.com/feed/,Secondary Education,Higher Education,
https://darrenjw.wordpress.com/feed/,Research,,
http://marilynburnsmathblog.com/wordpress/feed/,Secondary Education,,
http://stuckonalgebra.blogspot.com/feeds/posts/default,Math Ed Research,Technology,
https://lgojak.wordpress.com/feed/,Primary Education,,
http://www.mathfireworks.com/feed/,Secondary Education,,
http://researchinpractice.wordpress.com/feed/,Math Ed Research,,
http://possiblyphilosophy.wordpress.com/feed/,Research,Sciences&Humanities,
http://ldtopology.wordpress.com/feed/,Research,,
http://dorais.org/feed?donotcachepage=b6ef5e886ffd0a72b7f2befbf89bf2ef,Research,,
http://gilkalai.wordpress.com/feed/,Research,Higher Education,
https://ayoucis.wordpress.com/feed/,Research,,
http://sonatamathematique.wordpress.com/feed/,Art,,
http://ilovemathsgames.wordpress.com/feed/,Secondary Education,,
http://rootsoftheequation.wordpress.com/feed/,Secondary Education,Math Ed Research,
http://mrcbaker.blogspot.com/feeds/posts/default,Secondary Education,Technology,
http://news.mit.edu/rss/topic/mathematics,Journalism,Higher Education,
http://aschinchon.wordpress.com/feed/,Recreational,,
http://rigorandrelevance.wordpress.com/feed/,Research,,
http://mathblag.wordpress.com/feed/,Research,,
http://mathmamawrites.blogspot.com/feeds/posts/default,Secondary Education,Higher Education,
http://richardelwes.co.uk/feed/,Journalism,Recreational,
http://mathmisery.com/wp/feed/,Recreational,,
http://mathhombre.blogspot.com/feeds/posts/default,Secondary Education,Math Ed Research,
http://feeds.feedburner.com/MathForGrownups?format=xml,Journalism,,
http://haggisthesheep.wordpress.com/feed/,Research,,
http://gowers.wordpress.com/feed/,Research,,
http://rjlipton.wordpress.com/feed/,Research,,Editors' Favorites
http://www.moebiusnoodles.com/feed/rss/,Primary Education,Secondary Education,
http://mrhonner.com/feed/,Secondary Education,Art,
http://mathybeagle.com/feed/,Secondary Education,,
http://4maths.wordpress.com/feed/,Higher Education,Math Ed Research,
http://1001mathproblems.blogspot.com/feeds/posts/default,Primary Education,Secondary Education,
http://wildtopology.wordpress.com/feed/,Research,Higher Education,
http://blog.graceachen.com/feeds/posts/default,Secondary Education,Math Ed Research,
http://teachingmathculture.wordpress.com/feed/,Math Ed Research,,
http://ijkijkevin.wordpress.com/feed/,Secondary Education,,
http://mrsakahoshi.wordpress.com/feed/,Secondary Education,Higher Education,
http://banderson02.wordpress.com/feed/,Secondary Education,,
http://mattbakerblog.wordpress.com/feed/,Research,Higher Education,
http://theoremoftheweek.wordpress.com/feed/,Higher Education,,
http://cavmaths.wordpress.com/feed/,Secondary Education,,Editors' Favorites
http://tapintoteenminds.com/feed/,Secondary Education,,
http://fwaaldijk.wordpress.com/feed/,Research,Sciences&Humanities,
http://mattersmathematical.wordpress.com/feed/,Higher Education,,
http://acmescience.com/feed/,Journalism,,
http://uofmath.wordpress.com/feed/,Research,Higher Education,
http://openmathbook.blogspot.com/feeds/posts/default,Higher Education,,
http://dgleich.wordpress.com/feed/,Research,,
http://nickhigham.wordpress.com/feed/,Research,Higher Education,
http://abagsthoughts.wordpress.com/feed/,Research,Higher Education,
http://speedupblogger.wordpress.com/feed/,Research,,
http://jsaia.wordpress.com/feed/,Research,Higher Education,
http://galoisrepresentations.wordpress.com/feed/,Research,Higher Education,
http://themathletes.wordpress.com/feed/,Secondary Education,,
http://joyofeducation.wordpress.com/feed/,Secondary Education,,
http://summathmadness.wordpress.com/feed/,Secondary Education,,
http://plus.maths.org/content/rss.xml,Journalism,,
http://www.yummymath.com/feed/rss/,Primary Education,Recreational,Secondary Education
http://micromath.wordpress.com/feed/,Secondary Education,Higher Education,
http://blogs.ams.org/beyondreviews/feed/,Journalism,,
http://existentialtype.wordpress.com/feed/,Research,,
http://welltemperedspreadsheet.wordpress.com/feed/,Recreational,Research,
http://blog.geogebra.org/feed,Technology,,
http://nesterko.com/blog/feed/,Research,,
http://statisfaction.wordpress.com/feed/,Research,,
http://thonyc.wordpress.com/feed/,Sciences&Humanities,Research,
http://danpearcymaths.wordpress.com/feed/,Secondary Education,,
http://christopherdanielson.wordpress.com/feed/,Secondary Education,Higher Education,Math Ed Research
https://curvedmaths.wordpress.com/feed/,Research,,
http://mr-stadel.blogspot.com/feeds/posts/default/,Secondary Education,,
http://devlinsangle.blogspot.com/feeds/posts/default,Journalism,,Editors' Favorites
http://jwilder.edublogs.org/feed/,Primary Education,Recreational,
http://fivetriangles.blogspot.com/feeds/posts/default,Recreational,,
http://homotopytypetheory.org/feed/,Research,,
http://mrburkemath.blogspot.com/feeds/posts/default,Recreational,,
http://deltascape.blogspot.com/feeds/posts/default,Secondary Education,,
http://feeds.feedburner.com/CtkInsights,Secondary Education,Higher Education,
http://www.doingmathematics.com/2/feed,Secondary Education,,
http://craftymathed.blogspot.com/feeds/posts/default,Secondary Education,,
http://feeds.feedburner.com/pratikpoddarcse,Recreational,,
http://youdothemathkthrucalculus.blogspot.com/feeds/posts/default,Recreational,,
http://blog.ingo-bartling.de/feed/,Secondary Education,,
http://feeds.feedburner.com/blogspot/OFocE?format=xml,Secondary Education,,
http://page2rss.com/rss/69bacf7e3cfac715759da8b0db2f3188,Research,Higher Education,
http://samjshah.com/feed/,Secondary Education,,
http://orinanobworld.blogspot.com/feeds/posts/default,Research,,
http://www.ams.org/blog/phdplus/feed/,Higher Education,Journalism,
http://noncommutativegeometry.blogspot.com/feeds/posts/default,Research,Journalism,
http://feeds2.feedburner.com/MathNotations,Secondary Education,,
http://mathtricks.org/feed/,Recreational,,
http://mathfour.com/feed,Secondary Education,,
http://math.andrej.com/feed/,Research,Higher Education,
http://feeds.feedburner.com/Mathrecreation?format=xml,Recreational,,
http://mathtango.blogspot.com/feeds/posts/default,Journalism,Higher Education,
http://www.kenthaines.com/blog/atom.xml,Secondary Education,,
http://www.mathycathy.com/blog/feed/,Secondary Education,Technology,
http://feeds.feedburner.com/splinder/DymG?format=xml,Secondary Education,Math Ed Research,
http://feeds.feedburner.com/math-blog?format=xml,Journalism,,
http://mathteachermambo.blogspot.com/feeds/posts/default,Secondary Education,,
http://tonysmaths.blogspot.com/feeds/posts/default,Art,Recreational,
http://www.noncommutative.org/index.php/feed,Research,,
http://andrescaicedo.wordpress.com/feed/,Research,Higher Education,
http://mathematicsforstudents.wordpress.com/feed/,Secondary Education,Technology,
http://egtheory.wordpress.com/feed/,Research,,
http://opencalculus.wordpress.com/feed/,Secondary Education,Technology,
https://www.blogger.com/feeds/1695871120398977027/posts/full,Secondary Education,Technology,
http://colah.github.io/rss.xml,Research,,
http://ifwisdomwereteachable.wordpress.com/feed/,Research,,
http://threesixty360.wordpress.com/feed/,Recreational,,
https://colleenyoung.wordpress.com/feed/,Secondary Education,,
http://mathequalslove.blogspot.com/feeds/posts/default,Secondary Education,,
http://mathfest.blogspot.com/feeds/posts/default,Research,,
http://mike-naylor.blogspot.com/feeds/posts/default,Recreational,Art,
http://math-frolic.blogspot.com/feeds/posts/default,Recreational,,
http://www.japheth.org/feed/,Higher Education,,
http://homeschoolmath.blogspot.com/feeds/posts/default,Primary Education,Secondary Education,
http://dataisnature.com/?feed=rss2,Research,Art,
http://dangoldner.wordpress.com/feed/,Secondary Education,,
http://feeds.feedburner.com/MichaelTricksORB?format=xml,Research,,
http://maanumberaday.blogspot.com/feeds/posts/default,Journalism,,
http://horizonsaftermath.blogspot.com/feeds/posts/default,Journalism,,
http://dynamicmathclassroom.blogspot.com/feeds/posts/default,Secondary Education,,
http://freakonometrics.hypotheses.org/feed,Research,,
http://mathrising.com/?feed=rss2,Research,,
http://matheminutes.blogspot.com/feeds/posts/default,Secondary Education,,
http://math.williams.edu/category/blog/feed/,Higher Education,,
http://xorshammer.com/feed/,Research,,
http://matthewmaddux.tumblr.com/rss,Journalism,,
http://mathymcmatherson.wordpress.com/feed/,Secondary Education,,
http://luckytoilet.wordpress.com/feed/,Recreational,,
http://cameroncounts.wordpress.com/feed/,Research,,
http://thalestriangles.blogspot.com/feeds/posts/default,Math Ed Research,Higher Education,
http://mathwithbaddrawings.com/feed/,Secondary Education,Recreational,Editors' Favorites
http://blog.mrwaddell.net/feed,Secondary Education,Math Ed Research,
http://robertkaplinsky.com/feed/,Secondary Education,,
http://drawingonmath.blogspot.com/feeds/posts/default,Secondary Education,,
http://poetrywithmathematics.blogspot.com/feeds/posts/default,Art,,
http://musingmathematically.blogspot.com/feeds/posts/default,Secondary Education,,
http://www.abstractmath.org/Word%20Press/?feed=rss2,Research,,
http://headinside.blogspot.com/feeds/posts/default,Recreational,,
http://waywardalgebra.tumblr.com/rss,Higher Education,Recreational,
http://byoshiwara.blogspot.com/feeds/posts/default,Secondary Education,Math Ed Research,
http://feeds.feedburner.com/matthen?format=xml,Art,,
http://scienceblogs.de/mathlog/feed/,Journalism,Higher Education,
http://feeds.feedburner.com/MathsInsider?format=xml,Secondary Education,,
http://misterpalomar.blogspot.com/feeds/posts/default,Art,Recreational,
http://sites.davidson.edu/mathmovement/feed/,Higher Education,Recreational,
http://www.mathbootcamps.com/feed/,Secondary Education,,
http://scholarship.claremont.edu/jhm/recent.rss,Journalism,,
http://mrreddy.com/blog/feed/,Secondary Education,,
http://misscalculate.blogspot.com/feeds/posts/default,Secondary Education,,
http://meandering-through-mathematics.blogspot.com/feeds/posts/default,Research,,
http://mathmistakes.org/feed/,Primary Education,Secondary Education,
https://simonsfoundation.org/feed/,Journalism,,
http://www.ilpost.it/mauriziocodogno/feed/,Journalism,,
http://jdh.hamkins.org/feed/,Research,,
http://shawncornally.com/wordpress/?feed=atom,Secondary Education,,
http://algebrainiac.wordpress.com/feed/,Secondary Education,,
http://www.nctm.org/rss/rssfeeds.aspx?fid=6806,Math Ed Research,,
http://abrandnewline.wordpress.com/feed/,Secondary Education,,
http://www.thousandfold.net/cz/feed/,Journalism,,
https://casmusings.wordpress.com/feed/,Secondary Education,,Editors' Favorites
http://blog.tanyakhovanova.com/?feed=rss2,Recreational,Higher Education,
http://mathproblems123.wordpress.com/feed/,Research,Recreational,
http://geometricdelights.wordpress.com/feed/,Art,,
http://mathblogging.wordpress.com/feed/,Journalism,,
http://mathematicalmysterytour.blogspot.com/feeds/posts/default,Recreational,,
http://www.datagenetics.com/feed/rss.xml,Research,,
http://maththinking.org/feed/,Secondary Education,,
https://mathematicswithoutapologies.wordpress.com/feed/,Research,,
http://mathmaine.wordpress.com/feed/,Secondary Education,,
http://stevemiranda.wordpress.com/feed/,Secondary Education,,
http://mathequality.wordpress.com/feed/,Secondary Education,,
http://feeds.feedburner.com/mindyourdecisions?format=xml,Recreational,,Editors' Favorites
http://mtsmc.blogspot.com/feeds/posts/default,Recreational,,
http://mathlesstraveled.com/feed/,Research,,
http://themathkid.tumblr.com/rss,Recreational,,
http://blog.zacharyabel.com/feed/,Research,,
http://www.huffingtonpost.com/author/index.php?author=tim-chartier,Journalism,,
http://laughmaths.blogspot.com/feeds/posts/default,Recreational,,
http://tomroelandts.com/rss.xml,Research,,
http://thescamdog.wordpress.com/feed/,Secondary Education,,
https://kintali.wordpress.com/feed/,Research,,
http://www.theadventuresofdavidcushing.blogspot.co.uk/feeds/posts/default,Research,,
http://mathematics-diary.blogspot.com/feeds/posts/default,Research,,
https://valuevar.wordpress.com/feed/,Research,,
http://images.math.cnrs.fr/spip.php?page=backend,Art,,
http://feeds.feedburner.com/BeniceEquation,Art,,
http://feeds.feedburner.com/GonitSora?format=xml,Journalism,,
http://mybiasedcoin.blogspot.com/feeds/posts/default,Research,,
http://fibonacci-seri.es/rss,Art,,
http://blog.keycurriculum.com/feed/,Primary Education,,
http://quantumfrontiers.com/feed/,Research,,
http://thatsmath.com/feed,Primary Education,,
http://blog.mathed.net/feeds/posts/default,Higher Education,Math Ed Research,
http://blogs.ams.org/blogonmathblogs/feed/,Journalism,,
http://www.earthcalculus.com/feed/,Higher Education,,
http://mindfuckmath.com/rss,Recreational,,
http://www.resourceaholic.com/feeds/posts/default,Secondary Education,,
https://mathmindsblog.wordpress.com/feed/,Secondary Education,Primary Education,
http://countonmaths.blogspot.com/feeds/posts/default,Primary Education,,
http://coldmath.blogspot.com/feeds/posts/default,Research,,
https://mathedresearch.wordpress.com/feed/,Math Ed Research,,
http://mathedutech.wordpress.com/feed/,Math Ed Research,,
http://alanrendall.wordpress.com/feed/,Research,,
http://mathhmagic.blogspot.com/feeds/posts/default,Recreational,,
http://junkcharts.typepad.com/numbersruleyourworld/atom.xml,Research,,
http://debraborkovitz.com/feed/,Higher Education,,
http://www.nathanieljohnston.com/feed/,Recreational,Research,
http://www.unitaryflow.com/feeds/posts/default,Recreational,,
http://intersectpai.blogspot.com/feeds/posts/default,Secondary Education,,
http://laszlokoczy.blogspot.com/feeds/posts/default,Research,Higher Education,
https://burttotaro.wordpress.com/feed/,Research,Higher Education,
http://feeds.feedburner.com/mathsnetau,Secondary Education,,
http://leaannsmith.blogspot.com/feeds/posts/default,Secondary Education,,
http://feeds.feedburner.com/dydan1?format=xml,Secondary Education,Math Ed Research,
http://blogs.ethz.ch/kowalski/feed/,Higher Education,Research,
http://unimodular.net/blog/?feed=rss,Recreational,,
http://feeds2.feedburner.com/TeachingCollegeMath,Math Ed Research,,
http://squarerootofnegativeoneteachmath.blogspot.com/feeds/posts/default,Secondary Education,,
http://math.columbia.edu/~dejong/wordpress/?feed=rss2,Research,,
http://www.suburbanlion.com/?feed=rss2,Math Ed Research,Secondary Education,
http://qchu.wordpress.com/feed/,Research,,
http://nathankraft.blogspot.com/feeds/posts/default,Secondary Education,,
http://ncatlab.org/nlab/atom_with_headlines,Research,,
http://function-of-time.blogspot.com/feeds/posts/default,Secondary Education,Math Ed Research,
http://myreckonings.com/wordpress/feed/,Sciences&Humanities,Art,
http://edunettech.blogspot.com/feeds/posts/default,Technology,Higher Education,
http://coremath912.blogspot.com/feeds/posts/default,Secondary Education,,
http://www.arsmathematica.net/feed/,Research,,
https://clopendebate.wordpress.com/feed/,Secondary Education,,
http://www.davidketcheson.info/atom.xml,Research,Technology,
http://borschtwithanna.blogspot.com/feeds/posts/default,Secondary Education,,
http://feeds.feedburner.com/Betterexplained,Secondary Education,Recreational,
http://blog.jpolak.org/?feed=rss2,Research,,
http://feeds.feedburner.com/MaxwellsDemon?format=xml,Recreational,,
http://imamathsblogger.blogspot.com/feeds/posts/default,Publisher,,
http://feeds.feedburner.com/wildaboutmath/NuAq,Recreational,,
http://www.solipsys.co.uk/rss.xml,Recreational,,
http://deadendmath.com/feed/,Research,,
http://infinitesums.com/commentary?format=rss,Secondary Education,,
http://www.bookofproofs.org/rssfeedbranch.xml,Research,,
http://stackexchange.moderatenerd.com/feed/,Research,,
http://numbersandshapes.net/?feed=rss2,Higher Education,,
http://pierrelecomte.wordpress.com/feed/,Research,,
http://conan777.wordpress.com/feed/,Research,,
http://iwanttolearnmath.blogspot.com/feeds/posts/default,Research,,
http://www.jensilvermath.com/feed/,Recreational,,
http://themusegarden.wordpress.com/feed/,Research,,
http://www.changetheequation.org/rss,Journalism,Math Ed Research,
http://www.angrymath.com/feeds/posts/default,Journalism,Higher Education,
http://m6c.org/w/feed/,Research,,
http://www.teachesmath.com/?feed=rss2,Secondary Education,,
http://feeds.feedburner.com/IHopeThisOldTrainBreaksDown?format=xml,Secondary Education,,
http://square-the-circle.com/feed/,Art,,
http://reperiendi.wordpress.com/feed/,Research,,
http://mrscookkhs.blogspot.com/feeds/posts/default,Secondary Education,,
http://mattcoaty.com/feed/,Primary Education,Higher Education,
http://afonsobandeira.wordpress.com/feed/,Research,,
http://calculus7.org/feed,Research,Higher Education,
http://lastinggems.wordpress.com/feed/,Research,,
http://singaporemathplus.blogspot.com/feeds/posts/default,Recreational,,
http://williewong.wordpress.com/feed/,Research,,
http://punkrockor.wordpress.com/feed/,Research,Technology,
http://sketchesoftopology.wordpress.com/feed/,Research,,
http://www.intmath.com/blog/feed,Secondary Education,Higher Education,
http://pamjwilson.wordpress.com/feed/,Secondary Education,,
http://numberwarrior.wordpress.com/feed/,Secondary Education,Recreational,
http://xianblog.wordpress.com/feed/,Research,Higher Education,
http://blog.felixbreuer.net/atom.xml,Research,,
http://singingbanana.tumblr.com/rss/,Recreational,,
http://observationalepidemiology.blogspot.com/feeds/posts/default/,Research,,
http://justmaths.co.uk/blog/feed/,Secondary Education,,
http://thalescircles.tumblr.com/rss,Recreational,Art,
http://blogs.ams.org/mathmentoringnetwork/feed/,Higher Education,Publisher,
http://feeds.feedburner.com/XBubbler?format=xml,Recreational,,
http://feeds.feedburner.com/TheMuseumOfMathematics?format=xml,Recreational,,
http://statpics.blogspot.com/feeds/posts/default,Art,,
http://mathematicsblog7.blogspot.com/feeds/posts/default,Recreational,,
http://education.lms.ac.uk/feed/,Higher Education,,
http://www.seanmathmodelguy.com/?feed=rss2,Research,,
http://patternsinpractice.wordpress.com/feed/,Research,,
http://garden.irmacs.sfu.ca/?q=container/area/feed,Research,,
http://feeds.feedburner.com/NaturalBlogarithms,Recreational,,
http://learninglover.com/blog/?feed=rss2,Research,,
http://paramanands.blogspot.com/feeds/posts/default,Research,,
http://daylateanddollarshort.com/bloog/feed/,Research,,
http://terrytao.wordpress.com/feed/,Research,,
http://10minutemath.blogspot.com/feeds/posts/default,Secondary Education,Recreational,
http://agtb.wordpress.com/feed/,Research,,
http://dustingmixon.wordpress.com/feed/,Research,,
http://ilaba.wordpress.com/feed/,Research,,
https://decusinlabore.wordpress.com/feed/,Research,,
http://explainingmaths.wordpress.com/feed/,Technology,Higher Education,
http://concretenonsense.wordpress.com/feed/,Research,,
http://albanyareamathcircle.blogspot.com/feeds/posts/default,Higher Education,,
http://blog.mathalicious.com/feed/,Recreational,,
http://blog.stephenwolfram.com/feed/,Research,,
http://mathandliterature.blogspot.com/feeds/posts/default,Sciences&Humanities,,
http://feeds.exploringbinary.com/ExploringBinary?format=xml,Research,,
http://maddmaths.simai.eu/feed/,Research,,
http://www.gravita-zero.org/feeds/posts/default/-/matematica,Higher Education,,
http://www.sunclipse.org/?feed=rss2,Higher Education,,
http://feeds.feedburner.com/WalkingRandomly?format=xml,Research,,
http://strathmaths.wordpress.com/feed/,Research,,
http://guidedmath.wordpress.com/feed/,Primary Education,,
http://peterson-epsilon-delta.blogspot.com/feeds/posts/default,Higher Education,,
http://www.blog.republicofmath.com/?feed=rss2,Secondary Education,Higher Education,
http://kristalcantwell.wordpress.com/feed/,Research,,
http://www.dam.brown.edu/people/mumford/rss.xml,Research,,
http://blog.plover.com/index.atom,Research,,
http://feeds.feedburner.com/wsj/numbersguy/feed?format=xml,Journalism,,
http://feeds.feedburner.com/StatisticalModeling?format=xml,Research,,
http://eliatron.tumblr.com/rss,Art,,
https://orbythebeach.wordpress.com/feed/,Research,,
http://www.mickybullock.com/blog/feed/,Secondary Education,Art,
http://feeds.feedburner.com/TheGeomblog,Research,,
http://systems-signals.blogspot.com/feeds/posts/default,Research,,
http://11011110.livejournal.com/data/rss,Research,,
http://wiskundeleraar.blogspot.com/feeds/posts/default,Primary Education,Secondary Education,
http://www.science4all.org/feed/,Sciences&Humanities,Journalism,
http://blog.sigfpe.com/feeds/posts/default,Research,,
http://carnavaldematematicas.bligoo.es/rss/node,Journalism,,
http://puntmat.blogspot.com/feeds/posts/default,Primary Education,,
https://cafematematico.wordpress.com/feed/,Research,,
http://www.cambridgeblog.org/category/mathematics/feed/,Journalism,,
http://authenticinquirymaths.blogspot.com/feeds/posts/default,Primary Education,,
http://sbseminar.wordpress.com/feed/,Research,,Editors' Favorites
https://sites.lsa.umich.edu/michigan-math-in-action/feed/,Higher Education,Research,
http://moomoomath.blogspot.com/feeds/posts/default,Secondary Education,,
http://polylogblog.wordpress.com/feed/,Research,,
http://mathemooc.de/feed/,Higher Education,,
http://homotopical.wordpress.com/feed/,Research,,
http://symomega.wordpress.com/feed/,Research,,
http://marybourassa.blogspot.com/feeds/posts/default,Secondary Education,,
http://mmeblair.tumblr.com/rss,Recreational,Higher Education,
http://www.math-math.com/feeds/posts/default,Recreational,,
http://thomas1111.wordpress.com/feed/,Higher Education,,
https://honglangwang.wordpress.com/feed,Research,Higher Education,
http://girlsangle.wordpress.com/feed/,Higher Education,,
http://easingthehurrysyndrome.wordpress.com/feed/,Secondary Education,,
http://cmouhot.wordpress.com/feed/,Higher Education,,
http://aaronsadventures.blogspot.com/feeds/posts/default,Technology,,
http://windowsontheory.org/feed/,Research,,
http://golem.ph.utexas.edu/category/atom10.xml,Research,,Editors' Favorites
http://golem.ph.utexas.edu/~distler/blog/atom10.xml,Research,,
http://www.cosmolearning.com/rss/latest-videos-added/mathematics/,Recreational,,
http://hdambeck.de/feed/,Journalism,,
http://deltaepsilons.wordpress.com/feed/,Research,,
https://regularize.wordpress.com/feed/,Research,,
http://downloads.bbc.co.uk/podcasts/radio4/moreorless/rss.xml,Journalism,,
https://lucatrevisan.wordpress.com/feed/,Research,,
https://outofthenormmaths.wordpress.com/feed/,Research,,
https://seriesdivergentes.wordpress.com/feed/,Research,Recreational,
http://davidlowryduda.com/?feed=rss2,Research,,
http://ecommons.cornell.edu/feed/rss_2.0/1813/14920,Journalism,,
http://lamington.wordpress.com/feed/,Research,,
http://ests.wordpress.com/feed/,Research,,
http://whatsonmyblackboard.wordpress.com/feed/,Art,Higher Education,
https://mathedoodle.wordpress.com/feed/,Recreational,,
http://micromath.wordpress.com/feed/,Research,Higher Education,
http://messormath.wordpress.com/feed/,Recreational,,
http://metroplexmathcircle.wordpress.com/feed/,Recreational,,
http://robertjacobson.herokuapp.com/atom.xml,Research,,
http://inventingsituations.net/feed/,Research,,
http://mathcoachblog.com/feed/,Secondary Education,,
http://walkthroughmaths.blogspot.com/feeds/posts/default,Recreational,,
http://solveandsimplify.blogspot.com/feeds/posts/default,Recreational,,
http://uncoverafew.wordpress.com/feed/,Recreational,,
http://variablesofmath.wordpress.com/feed/,Secondary Education,,
https://footpathmath.wordpress.com/feed/,Higher Education,,
http://feeds.feedburner.com/neverendingbooks/vrUN?format=xml,Higher Education,,
http://feeds.feedburner.com/LearnAtMathematicsRealm,Art,Secondary Education,
http://jazmath.blogspot.com/feeds/posts/default,Higher Education,Secondary Education,
http://kalamitykat.com/feed/,Research,,
https://aofradkin.wordpress.com/feed/,Primary Education,,
http://alittlestats.blogspot.com/feeds/posts/default,Secondary Education,,
https://mathsugaroff.wordpress.com/feed/,Secondary Education,Primary Education,
http://evanweinberg.com/feed/,Secondary Education,Primary Education,
http://www.sumsar.net/atom.xml,Research,Technology,
http://www.jerimiannwalker.com/feed/,Higher Education,,
http://anhngq.wordpress.com/feed/,Research,,
http://pbelmans.wordpress.com/feed/,Research,Art,
http://www.scilogs.com/mola_mola/feed/,Research,,
http://matematicas11235813.luismiglesias.es/feed/,Recreational,,
http://notabstractnonsense.com/atom.xml,Research,,
http://teacherleaders.wordpress.com/feed/,Secondary Education,,
http://kolount.wordpress.com/feed/,Recreational,Higher Education,
http://scaffoldedmath.blogspot.com/feeds/posts/default,Secondary Education,,
http://dantopology.wordpress.com/feed/,Research,,
http://massimolauria.wordpress.com/feed/,Research,,
http://slawekk.wordpress.com/feed/,Research,,
http://flowingdata.com/feed,Technology,,
http://blogs.cofc.edu/owensks/feed/,Higher Education,,
http://www.newappsblog.com/mathematics/atom.xml,Sciences&Humanities,Research,
http://portonmath.wordpress.com/feed/,Research,,
http://models.street-artists.org/?feed=rss2,Research,,
http://matheuscmss.wordpress.com/feed/,Higher Education,,
http://learnandteachstatistics.wordpress.com/feed/,Higher Education,,
http://wdjoyner.wordpress.com/feed/,Research,Higher Education,
https://warandpiecewise.wordpress.com/feed/,Secondary Education,,
http://notaprodigyinc.blogspot.com/feeds/posts/default,Secondary Education,,
http://warandpiecewise.wordpress.com/feed/,Secondary Education,,
http://mathteacherorstudent.blogspot.com/feeds/posts/default,Secondary Education,,
http://maths77.unblog.fr/feed/,Higher Education,,
http://thmatters.wordpress.com/feed/,Research,,
http://learningwithtape.blogspot.com/feeds/posts/default,Secondary Education,,
http://notesfromamathteacher.blogspot.com/feeds/posts/default,Secondary Education,,
http://everybodyisageniusblog.blogspot.com/feeds/posts/default,Secondary Education,,
http://robclewley.github.io/atom.xml,Research,,
http://mathgardenblog.blogspot.com/feeds/posts/default,Recreational,,
http://justindomke.wordpress.com/feed/,Technology,,
http://theoreticalatlas.wordpress.com/feed/,Research,,
http://jbuzzi.wordpress.com/feed/,Research,,
http://lewko.wordpress.com/feed/,Research,,
http://algebrasfriend.blogspot.com/feeds/posts/default,Secondary Education,,
http://feeds.feedburner.com/MotionMath?format=xml,Primary Education,,
http://musingmrsg.blogspot.com/feeds/posts/default,Secondary Education,,
http://blog.amathknauft.com/feeds/posts/default,Recreational,,
http://www.theconceptsproject.com/tag/mathematics/rss/,Recreational,,
http://caseyulrich.com/feed/,Secondary Education,,
http://makingmathvisual.blogspot.com/feeds/posts/default,Secondary Education,,
http://rao.im/atom.xml,Higher Education,,
http://blog.djalil.chafai.net/feed/,Higher Education,,
http://toomai.wordpress.com/feed/,Recreational,,
http://www.beezers.org/blog/bb/feed/,Higher Education,,
http://themathswitch.blogspot.com/feeds/posts/default,Secondary Education,,
http://www.tpsemath.org/blog.rss,Secondary Education,,
http://ilnumerics.net/blog/feed/,Research,,
http://notstatschat.tumblr.com/rss,Higher Education,,
http://noncommutativeanalysis.wordpress.com/feed/,Research,,
http://eddierusu.blogspot.com/feeds/posts/default,Sciences&Humanities,,
http://fxdiebold.blogspot.com/feeds/posts/default,Research,,
http://kfouss.blogspot.com/feeds/posts/default,Secondary Education,,
http://unizor.blogspot.com/feeds/posts/default,Secondary Education,,
http://theronhitchman.wordpress.com/feed/,Higher Education,,
http://picrust.wordpress.com/feed/,Secondary Education,,
http://blogdemaths.wordpress.com/feed/,Higher Education,,
http://feeds.feedburner.com/pratikpoddarcse,Recreational,,
http://zx31415.wordpress.com/feed/,Recreational,,
http://www.rimwe.com/the-solver-blog/index.xml,Recreational,,
http://oohguesswhat.wordpress.com/feed/,Secondary Education,,
http://vlorbik.wordpress.com/feed/,Higher Education,,
http://ilpiccolofriedrich.blogspot.com/feeds/posts/default,Recreational,,
http://realteachingmeansreallearning.blogspot.com/feeds/posts/default,Secondary Education,,
http://www.liuxiaochuan.org/feed/,Higher Education,,
http://feeds.feedburner.com/GanitCharcha,Recreational,,
http://dionisoo.blogspot.com/feeds/posts/default,Recreational,,
http://esquemat.es/feed/,Art,,
http://morfismo.wordpress.com/feed/,Research,,
http://mathe2008.wordpress.com/feed/,Research,,
http://feeds.feedburner.com/GliStudentiDiOggi?format=xml,Recreational,,
http://feeds.feedburner.com/eliatron?format=xml,Recreational,,
http://feeds.feedburner.com/AngeloStella,Recreational,,
http://brouillondepoulet.blogspot.com/feeds/posts/default,Recreational,,
http://scientiapotentiaest.ambages.es/?feed=rss2,Recreational,,
http://feeds.feedburner.com/gestiondeoperaciones,Higher Education,,
http://www.thusspakeak.com/atom.xml,Recreational,,
http://feeds.feedburner.com/busynessgirl/gwJR?format=xml,Higher Education,,
http://luzdebabel.blogspot.com/feeds/posts/default,Recreational,,
http://www.mathematik-akademie.de/blog/?feed=rss,Higher Education,,
http://boisemathcircles.org/feed,Secondary Education,,
http://www.carmelschettino.org/wp/feed/,Math Ed Research,Secondary Education,